,fecha,humedad,precipitacion,temperatura
0,2023-01-01,96.0,38.1,10.06
1,2023-01-02,89.0,0.5,7.85
2,2023-01-03,84.0,0.0,8.68
3,2023-01-04,86.0,0.0,11.32
4,2023-01-05,90.0,0.0,9.46
5,2023-01-06,82.0,0.0,9.84
6,2023-01-07,89.0,54.5,11.65
7,2023-01-08,93.0,14.4,10.45
8,2023-01-09,86.0,0.0,8.94
9,2023-01-10,95.0,30.1,11.67
10,2023-01-11,88.0,0.6,9.85
11,2023-01-12,90.0,1.1,9.69
12,2023-01-13,96.0,3.2,10.95
13,2023-01-14,95.0,21.4,12.02
14,2023-01-15,89.0,12.9,7.18
15,2023-01-16,94.0,25.7,11.1
16,2023-01-17,84.0,10.0,6.25
17,2023-01-18,87.0,4.6,4.88
18,2023-01-19,97.0,21.2,7.6
19,2023-01-20,96.0,1.4,11.51
20,2023-01-21,85.0,0.7,10.59
21,2023-01-22,70.0,0.0,6.15
22,2023-01-23,64.0,0.0,5.42
23,2023-01-24,76.0,0.0,6.39
24,2023-01-25,74.0,0.0,7.66
25,2023-01-26,84.0,1.5,7.4
26,2023-01-27,79.0,0.0,7.02
27,2023-01-28,76.0,0.0,5.59
28,2023-01-29,71.0,0.0,6.17
29,2023-01-30,73.0,0.0,5.16
30,2023-01-31,78.0,0.0,5.83
31,2023-02-01,77.0,0.0,7.7
32,2023-02-02,69.0,0.0,7.93
33,2023-02-03,69.0,0.0,8.33
34,2023-02-04,71.0,0.0,8.28
35,2023-02-05,73.0,0.0,7.94
36,2023-02-06,66.0,0.0,7.8
37,2023-02-07,67.0,0.0,6.13
38,2023-02-08,60.0,0.0,8.29
39,2023-02-09,62.0,0.0,8.21
40,2023-02-10,62.0,0.0,8.07
41,2023-02-11,59.0,0.0,7.36
42,2023-02-12,46.0,0.0,10.05
43,2023-02-13,58.0,0.0,11.72
44,2023-02-14,55.0,0.0,12.54
45,2023-02-15,66.0,0.0,11.35
46,2023-02-16,74.0,0.0,10.67
47,2023-02-17,69.0,0.0,12.72
48,2023-02-18,60.0,0.0,12.95
49,2023-02-19,67.0,0.0,11.87
50,2023-02-20,67.0,0.0,12.69
51,2023-02-21,85.0,4.7,11.62
52,2023-02-22,91.0,3.6,8.82
53,2023-02-23,90.0,12.4,4.17
54,2023-02-24,89.0,1.4,4.1
55,2023-02-25,95.0,2.2,5.59
56,2023-02-26,74.0,0.0,6.57
57,2023-02-27,56.0,0.0,5.43
58,2023-02-28,62.0,0.0,5.24
59,2023-03-01,72.0,0.0,4.8
60,2023-03-02,66.0,0.0,6.01
61,2023-03-03,70.0,0.0,6.78
62,2023-03-04,62.0,0.0,8.95
63,2023-03-05,83.0,2.0,7.02
64,2023-03-06,88.0,3.3,10.05
65,2023-03-07,89.0,5.9,11.88
66,2023-03-08,94.0,21.9,13.59
67,2023-03-09,88.0,11.6,12.69
68,2023-03-10,91.0,3.3,13.08
69,2023-03-11,96.0,10.5,13.68
70,2023-03-12,82.0,0.7,14.45
71,2023-03-13,87.0,26.7,11.65
72,2023-03-14,88.0,0.8,10.58
73,2023-03-15,81.0,0.0,12.38
74,2023-03-16,92.0,15.8,11.07
75,2023-03-17,87.0,31.1,10.96
76,2023-03-18,87.0,4.2,11.59
77,2023-03-19,79.0,0.0,12.0
78,2023-03-20,84.0,0.0,10.66
79,2023-03-21,83.0,0.0,12.27
80,2023-03-22,88.0,7.2,11.78
81,2023-03-23,96.0,35.2,12.81
82,2023-03-24,78.0,0.3,11.75
83,2023-03-25,88.0,8.3,11.07
84,2023-03-26,74.0,0.0,11.09
85,2023-03-27,61.0,0.0,11.71
86,2023-03-28,39.0,0.0,14.83
87,2023-03-29,64.0,10.2,15.41
88,2023-03-30,85.0,7.0,13.76
89,2023-03-31,76.0,1.1,12.83
90,2023-04-01,80.0,0.8,11.1
91,2023-04-02,71.0,0.0,10.51
92,2023-04-03,73.0,0.0,10.6
93,2023-04-04,61.0,0.0,12.52
94,2023-04-05,56.0,0.0,13.4
95,2023-04-06,57.0,0.0,13.18
96,2023-04-07,51.0,0.0,15.22
97,2023-04-08,54.0,0.0,16.05
98,2023-04-09,74.0,0.0,12.84
99,2023-04-10,88.0,2.3,13.17
100,2023-04-11,86.0,0.0,11.8
101,2023-04-12,76.0,4.9,10.11
102,2023-04-13,90.0,2.1,8.78
103,2023-04-14,83.0,11.6,13.22
104,2023-04-15,81.0,0.0,14.03
105,2023-04-16,67.0,0.0,17.16
106,2023-04-17,53.0,0.0,18.5
107,2023-04-18,50.0,0.0,16.54
108,2023-04-19,70.0,0.0,14.24
109,2023-04-20,76.0,0.0,13.57
110,2023-04-21,89.0,5.4,10.6
111,2023-04-22,89.0,31.7,12.24
112,2023-04-23,92.0,27.7,14.2
113,2023-04-24,93.0,2.7,14.3
114,2023-04-25,90.0,0.0,14.43
115,2023-04-26,87.0,0.0,16.22
116,2023-04-27,74.0,0.0,17.75
117,2023-04-28,71.0,0.0,17.26
118,2023-04-29,85.0,0.3,15.98
119,2023-04-30,79.0,0.0,15.74
120,2023-05-01,70.0,0.0,16.57
121,2023-05-02,59.0,0.0,19.78
122,2023-05-03,73.0,4.3,17.2
123,2023-05-04,88.0,34.4,14.74
124,2023-05-05,83.0,3.1,15.21
125,2023-05-06,86.0,4.2,15.54
126,2023-05-07,76.0,0.0,16.32
127,2023-05-08,86.0,0.3,15.76
128,2023-05-09,77.0,1.3,15.84
129,2023-05-10,76.0,0.0,12.29
130,2023-05-11,74.0,0.0,12.51
131,2023-05-12,77.0,0.0,12.14
132,2023-05-13,81.0,0.0,12.64
133,2023-05-14,76.0,0.0,14.4
134,2023-05-15,76.0,0.0,13.59
135,2023-05-16,65.0,0.0,13.7
136,2023-05-17,55.0,0.0,14.86
137,2023-05-18,54.0,0.0,14.34
138,2023-05-19,67.0,0.0,13.87
139,2023-05-20,66.0,0.0,14.21
140,2023-05-21,70.0,0.0,14.4
141,2023-05-22,75.0,0.0,16.11
142,2023-05-23,69.0,0.0,17.81
143,2023-05-24,68.0,0.0,17.66
144,2023-05-25,62.0,0.0,17.53
145,2023-05-26,62.0,2.1,17.32
146,2023-05-27,73.0,0.7,18.33
147,2023-05-28,89.0,30.4,16.5
148,2023-05-29,85.0,0.0,17.66
149,2023-05-30,91.0,10.2,16.23
150,2023-05-31,88.0,1.1,17.08
151,2023-06-01,79.0,0.0,18.24
152,2023-06-02,74.0,0.0,18.22
153,2023-06-03,86.0,16.0,17.48
154,2023-06-04,89.0,5.4,17.63
155,2023-06-05,77.0,0.0,18.97
156,2023-06-06,73.0,7.1,20.52
157,2023-06-07,91.0,12.2,18.24
158,2023-06-08,88.0,30.2,18.46
159,2023-06-09,92.0,8.5,17.29
160,2023-06-10,83.0,1.2,17.79
161,2023-06-11,76.0,0.0,17.47
162,2023-06-12,85.0,15.0,17.25
163,2023-06-13,88.0,7.3,17.35
164,2023-06-14,78.0,0.0,19.02
165,2023-06-15,64.0,0.0,21.25
166,2023-06-16,67.0,0.0,21.52
167,2023-06-17,77.0,0.0,19.16
168,2023-06-18,89.0,21.4,17.94
169,2023-06-19,87.0,2.7,17.6
170,2023-06-20,85.0,6.1,16.36
171,2023-06-21,82.0,0.0,17.55
172,2023-06-22,75.0,0.0,19.64
173,2023-06-23,70.0,0.0,22.23
174,2023-06-24,70.0,0.0,24.05
175,2023-06-25,78.0,0.0,19.97
176,2023-06-26,77.0,0.0,20.14
177,2023-06-27,76.0,0.0,20.33
178,2023-06-28,79.0,0.0,18.51
179,2023-06-29,78.0,0.7,17.05
180,2023-06-30,69.0,0.0,17.55
181,2023-07-01,77.0,0.0,19.92
182,2023-07-02,80.0,0.0,20.22
183,2023-07-03,78.0,0.0,19.48
184,2023-07-04,79.0,0.0,18.78
185,2023-07-05,79.0,0.0,18.66
186,2023-07-06,75.0,0.0,18.97
187,2023-07-07,84.0,14.1,17.77
188,2023-07-08,84.0,3.0,17.99
189,2023-07-09,79.0,0.0,17.47
190,2023-07-10,71.0,0.0,19.72
191,2023-07-11,81.0,0.0,19.03
192,2023-07-12,83.0,1.6,18.78
193,2023-07-13,64.0,0.0,19.35
194,2023-07-14,89.0,2.8,17.78
195,2023-07-15,77.0,5.0,16.91
196,2023-07-16,76.0,0.0,15.81
197,2023-07-17,74.0,0.0,18.88
198,2023-07-18,80.0,0.0,19.16
199,2023-07-19,78.0,0.0,19.25
200,2023-07-20,76.0,0.0,18.74
201,2023-07-21,77.0,0.0,18.24
202,2023-07-22,81.0,0.0,17.69
203,2023-07-23,87.0,1.4,16.81
204,2023-07-24,84.0,0.6,17.09
205,2023-07-25,77.0,0.0,16.81
206,2023-07-26,78.0,0.0,19.71
207,2023-07-27,81.0,0.0,18.63
208,2023-07-28,95.0,4.3,18.48
209,2023-07-29,85.0,5.9,19.78
210,2023-07-30,75.0,0.0,19.41
211,2023-07-31,82.0,0.0,18.97
212,2023-08-01,90.0,3.0,20.08
213,2023-08-02,82.0,5.0,19.13
214,2023-08-03,77.0,0.0,16.55
215,2023-08-04,73.0,0.0,17.2
216,2023-08-05,77.0,0.0,18.46
217,2023-08-06,69.0,0.0,19.06
218,2023-08-07,61.0,0.0,21.41
219,2023-08-08,59.0,0.0,24.47
220,2023-08-09,86.0,0.0,19.53
221,2023-08-10,78.0,0.0,21.52
222,2023-08-11,86.0,0.0,21.01
223,2023-08-12,74.0,0.0,20.06
224,2023-08-13,76.0,0.0,18.85
225,2023-08-14,80.0,0.0,18.7
226,2023-08-15,78.0,0.0,19.38
227,2023-08-16,76.0,0.0,20.87
228,2023-08-17,84.0,0.6,18.45
229,2023-08-18,86.0,32.5,20.63
230,2023-08-19,84.0,0.0,20.79
231,2023-08-20,82.0,0.0,20.28
232,2023-08-21,79.0,0.0,22.62
233,2023-08-22,72.0,0.0,26.06
234,2023-08-23,69.0,0.0,26.61
235,2023-08-24,84.0,0.0,20.14
236,2023-08-25,80.0,0.0,17.93
237,2023-08-26,80.0,1.1,15.92
238,2023-08-27,79.0,0.0,16.38
239,2023-08-28,88.0,1.1,17.05
240,2023-08-29,83.0,0.5,18.29
241,2023-08-30,78.0,0.0,18.53
242,2023-08-31,80.0,0.3,19.82
243,2023-09-01,91.0,12.8,16.89
244,2023-09-02,85.0,0.0,16.76
245,2023-09-03,77.0,0.6,20.27
246,2023-09-04,78.0,3.5,19.56
247,2023-09-05,84.0,11.1,19.29
248,2023-09-06,78.0,0.0,20.39
249,2023-09-07,82.0,0.0,20.1
250,2023-09-08,82.0,1.5,20.44
251,2023-09-09,90.0,15.9,18.34
252,2023-09-10,82.0,0.0,19.29
253,2023-09-11,89.0,4.0,18.58
254,2023-09-12,86.0,0.0,18.44
255,2023-09-13,82.0,0.0,18.94
256,2023-09-14,73.0,0.0,21.19
257,2023-09-15,83.0,0.0,19.03
258,2023-09-16,84.0,1.8,18.18
259,2023-09-17,85.0,34.8,16.27
260,2023-09-18,91.0,12.2,16.98
261,2023-09-19,84.0,0.0,16.31
262,2023-09-20,91.0,21.7,16.71
263,2023-09-21,85.0,1.8,15.17
264,2023-09-22,84.0,0.5,14.43
265,2023-09-23,81.0,0.0,14.64
266,2023-09-24,79.0,0.0,16.33
267,2023-09-25,83.0,0.0,19.53
268,2023-09-26,80.0,0.0,18.68
269,2023-09-27,84.0,0.0,17.72
270,2023-09-28,93.0,0.7,18.71
271,2023-09-29,84.0,0.0,21.68
272,2023-09-30,75.0,0.0,22.34
273,2023-10-01,73.0,0.0,21.91
274,2023-10-02,86.0,0.0,18.99
275,2023-10-03,83.0,0.0,17.5
276,2023-10-04,78.0,0.0,18.91
277,2023-10-05,90.0,0.0,16.19
278,2023-10-06,80.0,0.0,19.95
279,2023-10-07,62.0,0.0,22.96
280,2023-10-08,67.0,0.0,21.05
281,2023-10-09,67.0,0.0,21.5
282,2023-10-10,67.0,0.0,20.93
283,2023-10-11,67.0,0.0,19.38
284,2023-10-12,54.0,0.0,20.68
285,2023-10-13,90.0,33.5,17.81
286,2023-10-14,87.0,0.0,16.06
287,2023-10-15,94.0,6.9,15.3
288,2023-10-16,92.0,7.3,17.66
289,2023-10-17,88.0,31.0,18.95
290,2023-10-18,93.0,36.9,16.27
291,2023-10-19,93.0,55.7,14.6
292,2023-10-20,87.0,7.3,12.21
293,2023-10-21,92.0,5.4,11.56
294,2023-10-22,94.0,2.8,11.56
295,2023-10-23,91.0,4.7,12.02
296,2023-10-24,93.0,12.5,14.3
297,2023-10-25,96.0,19.5,16.53
298,2023-10-26,93.0,63.1,14.57
299,2023-10-27,89.0,17.5,13.14
300,2023-10-28,94.0,52.8,14.12
301,2023-10-29,89.0,13.1,11.64
302,2023-10-30,90.0,8.7,11.67
303,2023-10-31,91.0,23.6,13.1
304,2023-11-01,89.0,52.8,13.55
305,2023-11-02,81.0,9.8,10.57
306,2023-11-03,91.0,17.4,11.57
307,2023-11-04,87.0,45.0,12.98
308,2023-11-05,92.0,13.7,10.36
309,2023-11-06,89.0,5.7,8.67
310,2023-11-07,86.0,6.2,10.28
311,2023-11-08,96.0,18.0,12.04
312,2023-11-09,95.0,3.3,10.79
313,2023-11-10,97.0,13.1,12.7
314,2023-11-11,97.0,18.2,15.9
315,2023-11-12,93.0,6.3,16.19
316,2023-11-13,96.0,37.3,16.89
317,2023-11-14,98.0,33.9,15.48
318,2023-11-15,97.0,5.8,14.79
319,2023-11-16,89.0,6.5,14.81
320,2023-11-17,93.0,0.0,11.87
321,2023-11-18,91.0,0.0,15.17
322,2023-11-19,92.0,0.0,15.31
323,2023-11-20,85.0,0.0,12.48
324,2023-11-21,84.0,0.0,9.64
325,2023-11-22,80.0,0.0,10.49
326,2023-11-23,70.0,0.0,11.35
327,2023-11-24,82.0,0.0,9.69
328,2023-11-25,88.0,0.0,8.2
329,2023-11-26,94.0,0.0,9.7
330,2023-11-27,98.0,1.8,11.95
331,2023-11-28,97.0,7.7,12.75
332,2023-11-29,98.0,20.1,14.23
333,2023-11-30,91.0,3.6,8.48
334,2023-12-01,95.0,3.2,7.06
335,2023-12-02,92.0,0.0,7.12
336,2023-12-03,87.0,30.6,9.5
337,2023-12-04,89.0,5.5,9.15
338,2023-12-05,89.0,0.0,5.1
339,2023-12-06,80.0,1.9,6.17
340,2023-12-07,93.0,56.0,12.34
341,2023-12-08,94.0,8.9,9.97
342,2023-12-09,97.0,18.3,15.02
343,2023-12-10,96.0,13.7,15.45
344,2023-12-11,89.0,9.9,15.34
345,2023-12-12,93.0,33.5,11.89
346,2023-12-13,92.0,5.6,8.67
347,2023-12-14,88.0,0.0,8.34
348,2023-12-15,86.0,0.0,9.85
349,2023-12-16,84.0,0.0,8.23
350,2023-12-17,86.0,0.0,5.55
351,2023-12-18,91.0,0.0,4.45
352,2023-12-19,93.0,3.3,6.53
353,2023-12-20,87.0,0.0,9.55
354,2023-12-21,92.0,1.0,9.69
355,2023-12-22,84.0,0.0,9.7
356,2023-12-23,83.0,0.0,9.59
357,2023-12-24,85.0,0.0,8.02
358,2023-12-25,92.0,0.0,5.95
359,2023-12-26,85.0,0.0,9.96
360,2023-12-27,83.0,15.7,12.17
361,2023-12-28,96.0,17.0,11.14
362,2023-12-29,94.0,1.6,9.29
363,2023-12-30,95.0,19.3,9.11
364,2023-12-31,83.0,2.4,8.68
365,2024-01-01,85.0,0.4,9.29
366,2024-01-02,93.0,44.1,12.77
367,2024-01-03,84.0,0.0,12.05
368,2024-01-04,91.0,10.9,9.67
369,2024-01-05,95.0,5.6,6.27
370,2024-01-06,94.0,0.0,5.48
371,2024-01-07,85.0,0.0,5.15
372,2024-01-08,91.0,2.0,3.4
373,2024-01-09,95.0,5.0,5.04
374,2024-01-10,97.0,6.3,7.43
375,2024-01-11,83.0,0.0,5.19
376,2024-01-12,70.0,0.0,5.06
377,2024-01-13,83.0,5.3,9.86
378,2024-01-14,98.0,30.9,12.74
379,2024-01-15,97.0,11.7,13.84
380,2024-01-16,90.0,20.7,14.16
381,2024-01-17,92.0,53.7,12.68
382,2024-01-18,90.0,10.2,9.7
383,2024-01-19,73.0,0.0,6.83
384,2024-01-20,75.0,0.0,5.18
385,2024-01-21,91.0,1.6,9.57
386,2024-01-22,98.0,5.2,12.91
387,2024-01-23,97.0,2.1,13.57
388,2024-01-24,84.0,0.0,14.13
389,2024-01-25,85.0,0.0,13.35
390,2024-01-26,85.0,0.0,11.12
391,2024-01-27,69.0,0.0,13.27
392,2024-01-28,72.0,0.0,13.35
393,2024-01-29,70.0,0.0,14.34
394,2024-01-30,84.0,0.0,12.78
395,2024-01-31,80.0,0.0,12.26
396,2024-02-01,83.0,0.0,11.42
397,2024-02-02,75.0,0.0,11.77
398,2024-02-03,75.0,0.0,11.85
399,2024-02-04,80.0,0.0,11.58
400,2024-02-05,86.0,0.0,10.48
401,2024-02-06,90.0,0.0,9.24
402,2024-02-07,86.0,6.9,13.65
403,2024-02-08,89.0,68.8,12.65
404,2024-02-09,95.0,61.7,10.52
405,2024-02-10,85.0,5.2,7.09
406,2024-02-11,93.0,5.0,8.86
407,2024-02-12,84.0,1.0,11.57
408,2024-02-13,92.0,3.1,13.45
409,2024-02-14,84.0,3.4,16.74
410,2024-02-15,90.0,18.5,13.19
411,2024-02-16,90.0,0.0,11.38
412,2024-02-17,87.0,0.0,11.46
413,2024-02-18,93.0,0.0,12.76
414,2024-02-19,82.0,0.0,14.15
415,2024-02-20,79.0,0.0,12.54
416,2024-02-21,91.0,3.1,11.89
417,2024-02-22,87.0,26.5,10.28
418,2024-02-23,88.0,15.6,6.44
419,2024-02-24,91.0,17.3,8.14
420,2024-02-25,92.0,35.5,11.42
421,2024-02-26,84.0,11.3,7.22
422,2024-02-27,75.0,0.4,7.99
423,2024-02-28,86.0,0.0,10.06
424,2024-02-29,87.0,6.0,8.37
425,2024-03-01,94.0,21.0,8.65
426,2024-03-02,90.0,15.9,6.94
427,2024-03-03,93.0,6.2,6.9
428,2024-03-04,87.0,18.0,9.18
429,2024-03-05,84.0,0.3,8.18
430,2024-03-06,75.0,0.0,10.39
431,2024-03-07,82.0,12.4,8.65
432,2024-03-08,87.0,31.9,7.52
433,2024-03-09,90.0,17.3,6.75
434,2024-03-10,89.0,11.0,8.96
435,2024-03-11,88.0,0.8,9.56
436,2024-03-12,76.0,0.0,11.94
437,2024-03-13,73.0,0.0,12.05
438,2024-03-14,92.0,11.1,12.45
439,2024-03-15,89.0,0.0,12.9
440,2024-03-16,94.0,6.1,12.8
441,2024-03-17,95.0,11.3,13.76
442,2024-03-18,85.0,0.0,14.53
443,2024-03-19,80.0,0.0,12.65
444,2024-03-20,83.0,0.3,9.85
445,2024-03-21,73.0,0.0,15.95
446,2024-03-22,76.0,0.0,15.19
447,2024-03-23,69.0,0.0,12.66
448,2024-03-24,69.0,0.0,11.39
449,2024-03-25,84.0,2.8,7.24
450,2024-03-26,91.0,14.0,5.27
451,2024-03-27,88.0,24.3,7.19
452,2024-03-28,89.0,20.6,6.82
453,2024-03-29,87.0,7.3,8.06
454,2024-03-30,93.0,15.9,6.65
455,2024-03-31,91.0,8.4,7.12
456,2024-04-01,79.0,10.1,9.53
457,2024-04-02,89.0,19.2,11.91
458,2024-04-03,89.0,8.7,13.24
459,2024-04-04,78.0,5.5,13.56
460,2024-04-05,69.0,14.7,17.49
461,2024-04-06,85.0,11.2,12.99
462,2024-04-07,75.0,1.1,12.75
463,2024-04-08,85.0,20.7,9.53
464,2024-04-09,77.0,0.0,9.57
465,2024-04-10,68.0,0.0,13.52
466,2024-04-11,61.0,0.0,18.16
467,2024-04-12,63.0,0.0,20.23
468,2024-04-13,64.0,0.0,20.1
469,2024-04-14,60.0,0.0,18.32
470,2024-04-15,74.0,0.0,13.28
471,2024-04-16,70.0,0.0,12.33
472,2024-04-17,67.0,0.0,12.6
473,2024-04-18,64.0,0.0,13.51
474,2024-04-19,55.0,0.0,17.08
475,2024-04-20,56.0,0.0,16.49
476,2024-04-21,56.0,0.0,15.67
477,2024-04-22,48.0,0.0,12.99
478,2024-04-23,60.0,0.0,11.33
479,2024-04-24,73.0,0.0,10.88
480,2024-04-25,87.0,9.3,10.99
481,2024-04-26,94.0,23.1,9.54
482,2024-04-27,88.0,20.8,8.41
483,2024-04-28,78.0,2.1,9.01
484,2024-04-29,74.0,0.0,9.91
485,2024-04-30,85.0,16.4,10.12
486,2024-05-01,86.0,6.1,8.31
487,2024-05-02,91.0,15.3,8.9
488,2024-05-03,95.0,44.4,12.01
489,2024-05-04,96.0,44.0,13.78
490,2024-05-05,88.0,23.2,12.46
491,2024-05-06,82.0,0.0,10.88
492,2024-05-07,71.0,0.0,14.21
493,2024-05-08,59.0,0.0,18.46
494,2024-05-09,67.0,0.0,18.83
495,2024-05-10,58.0,0.0,20.24
496,2024-05-11,69.0,0.0,16.78
497,2024-05-12,79.0,0.0,14.91
498,2024-05-13,93.0,15.5,13.09
499,2024-05-14,87.0,5.3,11.03
500,2024-05-15,84.0,1.7,10.53
501,2024-05-16,89.0,4.5,10.64
502,2024-05-17,88.0,9.8,11.85
503,2024-05-18,86.0,9.5,12.72
504,2024-05-19,87.0,1.2,12.23
505,2024-05-20,86.0,1.0,12.52
506,2024-05-21,86.0,4.1,12.65
507,2024-05-22,82.0,1.4,12.66
508,2024-05-23,83.0,0.6,11.61
509,2024-05-24,68.0,0.0,15.33
510,2024-05-25,90.0,3.5,13.09
511,2024-05-26,81.0,0.0,13.09
512,2024-05-27,73.0,0.0,13.27
513,2024-05-28,70.0,0.0,16.33
514,2024-05-29,77.0,0.0,17.59
515,2024-05-30,81.0,0.0,16.61
516,2024-05-31,61.0,0.0,16.01
517,2024-06-01,59.0,0.0,16.98
518,2024-06-02,63.0,0.0,17.52
519,2024-06-03,64.0,0.0,19.71
520,2024-06-04,65.0,0.0,19.71
521,2024-06-05,79.0,0.0,16.45
522,2024-06-06,76.0,0.0,18.5
523,2024-06-07,74.0,0.5,20.6
524,2024-06-08,87.0,2.1,15.8
525,2024-06-09,74.0,0.0,15.09
526,2024-06-10,70.0,0.0,15.19
527,2024-06-11,73.0,0.0,14.95
528,2024-06-12,69.0,0.0,14.9
529,2024-06-13,84.0,1.6,13.81
530,2024-06-14,84.0,2.7,15.26
531,2024-06-15,81.0,0.0,14.41
532,2024-06-16,97.0,11.0,15.15
533,2024-06-17,94.0,19.0,15.88
534,2024-06-18,90.0,2.9,15.28
535,2024-06-19,87.0,2.7,14.2
536,2024-06-20,85.0,0.5,14.47
537,2024-06-21,78.0,0.0,15.32
538,2024-06-22,83.0,0.0,17.24
539,2024-06-23,83.0,0.0,18.86
540,2024-06-24,78.0,0.0,21.6
541,2024-06-25,93.0,1.7,17.26
542,2024-06-26,85.0,0.0,19.47
543,2024-06-27,83.0,0.0,18.69
544,2024-06-28,80.0,0.0,18.22
545,2024-06-29,79.0,0.5,17.36
546,2024-06-30,89.0,7.2,17.21
547,2024-07-01,81.0,0.0,17.91
548,2024-07-02,76.0,0.0,18.32
549,2024-07-03,74.0,0.0,17.37
550,2024-07-04,79.0,0.0,19.72
551,2024-07-05,76.0,0.0,18.43
552,2024-07-06,72.0,0.3,15.91
553,2024-07-07,69.0,0.0,15.71
554,2024-07-08,83.0,1.8,16.35
555,2024-07-09,94.0,4.7,17.38
556,2024-07-10,96.0,3.5,17.66
557,2024-07-11,96.0,9.5,17.96
558,2024-07-12,76.0,0.0,16.76
559,2024-07-13,71.0,0.0,17.11
560,2024-07-14,90.0,19.9,17.02
561,2024-07-15,88.0,0.9,16.69
562,2024-07-16,81.0,0.0,17.56
563,2024-07-17,75.0,0.0,19.45
564,2024-07-18,73.0,0.0,20.0
565,2024-07-19,75.0,0.0,21.26
566,2024-07-20,92.0,2.7,17.82
567,2024-07-21,77.0,0.0,16.1
568,2024-07-22,69.0,0.0,20.75
569,2024-07-23,71.0,0.0,22.99
570,2024-07-24,80.0,0.0,21.83
571,2024-07-25,80.0,0.0,20.04
572,2024-07-26,81.0,0.0,20.73
573,2024-07-27,81.0,0.0,20.73
574,2024-07-28,74.0,0.0,24.68
575,2024-07-29,71.0,0.0,25.58
576,2024-07-30,60.0,0.0,25.29
577,2024-07-31,84.0,0.0,20.16
578,2024-08-01,85.0,0.0,19.36
579,2024-08-02,79.0,0.0,19.17
580,2024-08-03,76.0,0.0,19.75
581,2024-08-04,77.0,0.0,21.2
582,2024-08-05,76.0,0.0,21.33
583,2024-08-06,82.0,0.0,20.1
584,2024-08-07,78.0,0.0,19.53
585,2024-08-08,80.0,0.0,20.3
586,2024-08-09,77.0,0.0,21.64
587,2024-08-10,74.0,0.0,24.93
588,2024-08-11,82.0,0.0,21.65
589,2024-08-12,82.0,1.1,20.24
590,2024-08-13,90.0,1.6,17.3
591,2024-08-14,77.0,0.0,18.14
592,2024-08-15,65.0,0.0,20.13
593,2024-08-16,65.0,0.0,22.27
594,2024-08-17,84.0,0.0,21.95
595,2024-08-18,81.0,0.0,21.76
596,2024-08-19,71.0,0.0,20.86
597,2024-08-20,83.0,0.5,19.24
598,2024-08-21,72.0,0.0,21.29
599,2024-08-22,75.0,0.0,20.16
600,2024-08-23,86.0,1.4,21.0
601,2024-08-24,81.0,5.7,18.28
602,2024-08-25,71.0,0.0,17.19
603,2024-08-26,70.0,0.0,20.18
604,2024-08-27,76.0,0.0,20.05
605,2024-08-28,84.0,0.0,18.68
606,2024-08-29,83.0,0.0,18.86
607,2024-08-30,85.0,0.0,19.32
608,2024-08-31,86.0,0.0,20.11
609,2024-09-01,76.0,0.0,21.05
610,2024-09-02,80.0,1.3,16.89
611,2024-09-03,78.0,0.0,15.49
612,2024-09-04,78.0,0.0,16.13
613,2024-09-05,78.0,0.0,14.11
614,2024-09-06,96.0,23.5,12.42
615,2024-09-07,86.0,1.3,14.67
616,2024-09-08,83.0,0.0,14.96
617,2024-09-09,86.0,0.0,16.17
618,2024-09-10,78.0,0.0,15.86
619,2024-09-11,84.0,0.0,16.47
620,2024-09-12,87.0,0.0,17.02
621,2024-09-13,70.0,0.0,15.76
622,2024-09-14,61.0,0.0,17.72
623,2024-09-15,59.0,0.0,18.97
624,2024-09-16,45.0,0.0,19.97
625,2024-09-17,57.0,0.0,18.35
626,2024-09-18,66.0,0.0,18.63
627,2024-09-19,82.0,0.0,16.81
628,2024-09-20,88.0,1.9,16.6
629,2024-09-21,93.0,4.5,16.35
630,2024-09-22,85.0,0.0,15.37
631,2024-09-23,85.0,4.6,14.68
632,2024-09-24,96.0,10.3,15.55
633,2024-09-25,98.0,45.7,17.67
634,2024-09-26,87.0,22.2,16.32
635,2024-09-27,81.0,5.6,13.16
636,2024-09-28,78.0,0.0,12.84
637,2024-09-29,78.0,7.2,14.96
638,2024-09-30,98.0,3.6,17.24
639,2024-10-01,99.0,10.5,18.0
640,2024-10-02,98.0,39.0,18.22
641,2024-10-03,95.0,0.8,17.33
642,2024-10-04,92.0,0.4,17.84
643,2024-10-05,98.0,53.3,18.18
644,2024-10-06,97.0,47.8,16.63
645,2024-10-07,90.0,19.9,15.53
646,2024-10-08,94.0,55.5,16.16
647,2024-10-09,91.0,48.3,16.35
648,2024-10-10,90.0,0.3,13.9
649,2024-10-11,89.0,8.6,14.93
650,2024-10-12,84.0,5.1,18.23
651,2024-10-13,81.0,0.0,18.12
652,2024-10-14,84.0,0.0,18.41
653,2024-10-15,91.0,24.3,17.57
654,2024-10-16,89.0,7.7,16.3
655,2024-10-17,86.0,0.0,13.93
656,2024-10-18,95.0,2.0,14.97
657,2024-10-19,97.0,25.3,16.48
658,2024-10-20,89.0,0.3,17.78
659,2024-10-21,86.0,10.1,15.52
660,2024-10-22,86.0,0.0,13.19
661,2024-10-23,81.0,0.0,15.73
662,2024-10-24,91.0,9.8,14.76
663,2024-10-25,91.0,7.1,10.1
664,2024-10-26,96.0,11.7,10.59
665,2024-10-27,88.0,1.6,12.86
666,2024-10-28,83.0,0.0,14.49
667,2024-10-29,79.0,0.0,14.63
668,2024-10-30,80.0,0.0,15.83
669,2024-10-31,77.0,0.0,16.44
670,2024-11-01,77.0,0.0,17.3
671,2024-11-02,81.0,0.0,16.19
672,2024-11-03,78.0,0.0,16.21
673,2024-11-04,83.0,0.5,14.87
674,2024-11-05,82.0,0.3,17.62
675,2024-11-06,83.0,0.0,18.11
676,2024-11-07,80.0,0.0,16.57
677,2024-11-08,90.0,5.6,14.54
678,2024-11-09,94.0,5.0,13.07
679,2024-11-10,96.0,7.4,15.99
680,2024-11-11,81.0,0.0,14.48
681,2024-11-12,71.0,0.0,12.34
682,2024-11-13,68.0,0.0,10.62
683,2024-11-14,73.0,0.0,12.92
684,2024-11-15,85.0,4.7,13.79
685,2024-11-16,79.0,0.4,15.44
686,2024-11-17,83.0,0.0,14.03
687,2024-11-18,88.0,0.0,12.52
688,2024-11-19,87.0,1.7,12.11
689,2024-11-20,91.0,0.7,12.85
690,2024-11-21,95.0,24.4,12.54
691,2024-11-22,83.0,0.0,9.03
692,2024-11-23,70.0,0.5,16.59
693,2024-11-24,62.0,40.8,18.27
694,2024-11-25,92.0,7.7,9.86
695,2024-11-26,92.0,2.1,11.24
696,2024-11-27,78.0,0.0,12.84
697,2024-11-28,68.0,0.0,12.94
698,2024-11-29,85.0,0.6,15.85
699,2024-11-30,92.0,14.2,15.55
700,2024-12-01,97.0,52.8,13.41
701,2024-12-02,92.0,0.0,10.85
702,2024-12-03,97.0,7.5,8.6
703,2024-12-04,96.0,0.3,11.16
704,2024-12-05,97.0,1.0,12.62
705,2024-12-06,91.0,0.0,14.21
706,2024-12-07,80.0,5.8,11.12
707,2024-12-08,81.0,2.4,8.53
708,2024-12-09,87.0,4.8,7.96
709,2024-12-10,88.0,0.0,6.73
710,2024-12-11,82.0,0.0,6.32
711,2024-12-12,75.0,0.0,7.15
712,2024-12-13,81.0,0.0,5.27
713,2024-12-14,82.0,0.0,5.99
714,2024-12-15,77.0,0.0,6.91
715,2024-12-16,70.0,0.0,8.76
716,2024-12-17,71.0,6.4,12.34
717,2024-12-18,96.0,59.2,14.26
718,2024-12-19,86.0,8.5,10.22
719,2024-12-20,88.0,0.0,7.03
720,2024-12-21,98.0,1.4,8.3
721,2024-12-22,95.0,1.3,10.6
722,2024-12-23,86.0,0.0,9.14
723,2024-12-24,85.0,0.0,10.0
724,2024-12-25,85.0,0.0,10.79
725,2024-12-26,88.0,0.0,9.45
726,2024-12-27,90.0,0.0,8.3
727,2024-12-28,95.0,0.0,8.1
728,2024-12-29,81.0,0.0,8.87
729,2024-12-30,84.0,0.0,7.39
730,2024-12-31,82.0,0.0,6.36
731,2025-01-01,73.0,0.0,6.43
732,2025-01-02,75.0,0.0,11.06
733,2025-01-03,95.0,27.3,12.0
734,2025-01-04,85.0,12.8,12.71
735,2025-01-05,92.0,46.8,12.69
736,2025-01-06,91.0,5.7,7.97
737,2025-01-07,95.0,35.4,11.4
738,2025-01-08,89.0,62.1,13.14
739,2025-01-09,91.0,4.8,13.38
740,2025-01-10,97.0,21.9,13.96
741,2025-01-11,95.0,1.9,13.76
742,2025-01-12,82.0,0.0,10.48
743,2025-01-13,76.0,0.0,7.31
744,2025-01-14,72.0,0.0,6.79
745,2025-01-15,84.0,0.0,5.85
746,2025-01-16,76.0,0.0,7.5
747,2025-01-17,67.0,0.0,7.93
748,2025-01-18,73.0,0.0,6.37
749,2025-01-19,87.0,14.6,7.89
750,2025-01-20,93.0,6.6,10.57
751,2025-01-21,89.0,10.6,13.16
752,2025-01-22,94.0,29.4,10.85
753,2025-01-23,78.0,0.0,9.3
754,2025-01-24,87.0,45.2,11.35
755,2025-01-25,84.0,8.8,10.12
756,2025-01-26,92.0,98.5,12.63
757,2025-01-27,82.0,23.0,8.6
758,2025-01-28,81.0,10.5,8.89
759,2025-01-29,88.0,47.5,8.53
760,2025-01-30,73.0,0.6,8.24
761,2025-01-31,83.0,0.0,7.94
762,2025-02-01,97.0,1.3,10.62
763,2025-02-02,80.0,2.1,9.12
764,2025-02-03,84.0,0.0,7.68
765,2025-02-04,84.0,0.0,7.91
766,2025-02-05,77.0,0.0,9.75
767,2025-02-06,80.0,1.0,8.64
768,2025-02-07,90.0,8.1,8.36
769,2025-02-08,92.0,1.1,4.35
770,2025-02-09,97.0,12.0,12.23
771,2025-02-10,93.0,5.0,12.25
772,2025-02-11,93.0,14.9,9.93
773,2025-02-12,94.0,1.3,9.61
774,2025-02-13,92.0,7.5,12.09
775,2025-02-14,77.0,0.0,12.44
776,2025-02-15,75.0,0.0,12.69
777,2025-02-16,84.0,6.2,11.2
778,2025-02-17,79.0,0.0,9.38
779,2025-02-18,73.0,0.0,12.72
780,2025-02-19,90.0,0.3,12.26
781,2025-02-20,87.0,0.6,12.7
782,2025-02-21,86.0,27.0,12.06
783,2025-02-22,88.0,3.2,9.61
784,2025-02-23,81.0,0.0,10.21
785,2025-02-24,95.0,48.2,12.11
786,2025-02-25,82.0,0.0,9.6
787,2025-02-26,80.0,0.0,7.78
788,2025-02-27,74.0,0.0,10.1
789,2025-02-28,70.0,0.0,11.31
790,2025-03-01,59.0,0.0,9.17
791,2025-03-02,61.0,0.0,7.89
792,2025-03-03,67.0,0.0,10.38
793,2025-03-04,75.0,0.0,11.96
794,2025-03-05,88.0,3.7,11.14
795,2025-03-06,93.0,7.9,11.21
796,2025-03-07,80.0,8.7,11.49
797,2025-03-08,82.0,11.6,8.84
798,2025-03-09,81.0,11.1,9.22
799,2025-03-10,84.0,10.8,8.65
800,2025-03-11,79.0,0.0,10.39
801,2025-03-12,87.0,0.0,8.34
802,2025-03-13,73.0,0.0,8.12
803,2025-03-14,70.0,0.0,6.88
804,2025-03-15,64.0,0.0,8.08
805,2025-03-16,62.0,0.0,7.29
806,2025-03-17,66.0,0.0,9.02
807,2025-03-18,77.0,0.6,11.09
808,2025-03-19,60.0,0.0,14.6
809,2025-03-20,61.0,2.2,13.64
810,2025-03-21,95.0,36.3,9.99
811,2025-03-22,90.0,17.6,7.99
812,2025-03-23,88.0,1.5,6.8
813,2025-03-24,89.0,1.0,9.3
814,2025-03-25,80.0,0.0,11.32
815,2025-03-26,78.0,0.0,10.62
816,2025-03-27,75.0,0.0,11.34
817,2025-03-28,78.0,0.0,10.72
818,2025-03-29,73.0,0.0,11.74
819,2025-03-30,58.0,0.0,14.04
820,2025-03-31,53.0,0.0,17.21
